tweet_number,tweet
1,"Bill Clinton: ‚ÄúI can‚Äôt say I was surprised‚Äù that Trump won.

The theory that he intentionally tanked Kamala‚Äôs campaign seems more plausible than ever."
2,"BREAKING: President-elect Donald Trump meets with President Joe Biden in the White House:

BIDEN: ‚ÄúI look forward to having a smooth transition‚Ä¶welcome.‚Äù

TRUMP: ‚ÄúPolitics is tough, and in many cases not a very nice world, but it is a nice world today.‚Äù"
3,Breaking : Joe Biden weighs in on Trump‚Äôs landslide victory and his true feelings about Kamala. Many of is aren‚Äôt surprised.
4,Trump saying Joe Biden won against Barack Obama
5,"BREAKING: President Joe Biden issues a classy and presidential statement after Donald Trump's victory.

""Yesterday I spoke with President-elect Trump to congratulate him on his victory, and I assured him that I direct my entire administration to work with his team to ensure a"
6,"Yesterday, I spoke with President-elect Trump to congratulate him on his victory. And I assured him that I would direct my entire Administration to work with his team to ensure a peaceful and orderly transition.

That‚Äôs what the American people deserve."
7,"JUST IN: President Trump criticizes the Biden-Harris DOJ for indicting him again this week and talks about why he didn't prosecute Hillary Clinton to unify the country.

""This is the worst case of election interference that anyone has ever seen in our country. They do this in"
8,"Biden is out. 
Who's next - Kamala Harris or Hillary Clinton, and will President Trump win the election?"
9,"President Joe Biden and former President Donald Trump swept to victory in statewide nominating contests across the country on Tuesday, setting up a historic rematch"
10,"BREAKING: BIDEN CONGRATULATES TRUMP ON ELECTION WIN

Biden called to congratulate Trump on his election victory over Kamala and invited him to meet at the White House. 

The White House emphasized Biden‚Äôs commitment to a smooth transition and the importance of national unity"
11,"President-elect .
@realDonaldTrump
 arrived at White House to meet President Joe Biden, marking a significant moment as both leaders exchanged a handshake. 

But hats off to Biden! He played brilliantly to defeat Kamala Harris & Obamas."
12,"President Biden on Trump: 'We've gotta lock him up'

MORE INFO: https://bit.ly/40dRFys"
13,"Biden says Trump defeating Kamala shows America has fair elections.

Follow: 
@AFpost"
14,"Atqasuk was the last remaining Election Day precinct outstanding. It‚Äôs a Native village of less than 300 in the North Slope.

Clinton won it by 34,
Biden lost it by 14‚Ä¶

This year?

President: Trump +57
Congress: Peltola (D) +18
State House: Burke (D) +38"
15,"We had a very small AK update about an hour ago. It included the last remaining election day precinct, 40-016 Atqsuk. Two ED precincts also appeared to be added to the CVR. That's about it.

I'm working on updates to the interactive and charts. I doubt much changed."
16,"Here is a pie chart showing rally crowds for Trump Vs Clinton, Trump Vs Biden, and Trump Vs Biden (ending July 21 when Biden retreated).

And below is, a pie chart showing the 2020 General Election as a trio of Popular Vote x Electoral Collage x Rally Count. #piechart"
17,‚ÄúJoe Biden won against Barack Hussein Obama‚Äù - Donald Trump
18,"Influential pollster Frank Luntz says President Joe Biden's ""garbage"" statement about Trump supporters may have cost Kamala Harris the election. Same way Hillary Clinton's ""deplorables"" comment cost her the presidency in 2016. Talk about foot in mouth."
19,"A bitter Bill Clinton today said of Trump's election: ""At least this time there is no question that he actually won both the popular vote and the electoral college. When he won before, he lost the popular vote ‚Äî and only won the electoral college because of the late intervention"
20,"BREAKING NEWS: US President Joe Biden has announced he is stepping aside from his bid for re-election in the November election against Donald Trump.

Who should replace Biden as the nominee:
1. Michelle Obama
2. Kamala Harris
3. Hillary Clinton
4. Robert F. Kennedy Jr"
21,"Former President Donald Trump holds an edge over President Biden in a series of hypothetical matchups among registered voters in four key swing states, new polling from The New York Times and Siena College shows. https://trib.al/kg8xSU3"
22,"MSNBC host Rachel Maddow was so delighted last night to read a statement from Joe Biden warning Americans against electing Donald Trump after Trump's massive victories on Super Tuesday. WATCH 

Biden said Tuesday‚Äôs poll results leave Americans with a clear choice, ‚ÄúAre we going"
23,"Biden won by 75 points. Trump won by 35 points. 

Yet here is how the New York Times frames it."
24,"Biden: ""Yesterday, I spoke with president-elect Trump to congratulate him on his victory and I assured him that I would direct my entire administration to work with his team to ensure a peaceful and orderly transition."""
25,"Joe Biden: ""Yesterday I spoke with President-elect Trump and congratulated him on his victory. I assured him that I've directed my entire administration to work with his team to ensure a peaceful and orderly transition. That's what the American people deserve."""
26,NYT: Donald Trump leads Joe Biden in five of six key battlegrounds polled by The New York Times and Siena College.
27,"2024 General Presidential Election: TIPP

Trump 49%
Harris 47%

RCP Avg: Harris +0.9

This Day In History: 
October 20, 2020: Biden +8.6
October 20, 2016: Clinton +6.4

More:https://realclearpolling.com/polls/president/general/2024/trump-vs-harris‚Ä¶

#poll #politics #election2024 #Trump #Harris #vote #polling"
28,"One week before the election, the sitting President, Joe Biden, calls all Republicans and Trump supporters ""garbage.""

Democrats truly believe proud Patriots are garbage. Or as Hillary Clinton called us ‚ÄúDeplorables‚Äù

Let's take back our country on November 5th"
29,"2024 General Presidential Election: 
@Rasmussen_Poll
 

Trump 50%
Harris 47%

RCP Avg: Harris +0.9

This Day In History: 
October 21, 2020: Biden +7.5
October 21, 2016: Clinton +6.2

More:https://realclearpolling.com/polls/president/general/2024/trump-vs-harris‚Ä¶

#poll #politics #election2024 #Trump #Harris #vote #polling"
30,"BREAKING: Trump takes historic lead over Biden in RCP Poll Average

On this day in 2015, Clinton led Trump by 5.8 points. On this day in 2019, Biden held a 5.2 point advantage over Trump."
31,"President Joe Biden's comments, in reference to Trump, while visiting with New Hampshire Democratic campaign workers are coming under scrutiny -- MORE  https://shorturl.at/sbq2T"
32,"BREAKING: Joe Biden has now RETAKEN THE LEAD in the presidential race, according to multiple new polls.

Far from a Trump win, the debate and the last 2 weeks have had a positive effect for BIDEN.

Biden is the best candidate to beat Trump - and the only one who's done it before."
33,"2024 General Presidential Election: Wall Street Journal

Trump 49%
Harris 46%

RCP Avg: Harris +0.2

This Day In History: 
October 24, 2020: Biden +8.1
October 24, 2016: Clinton +5.5

More:https://realclearpolling.com/polls/president/general/2024/trump-vs-harris‚Ä¶

#poll #politics #election2024 #Trump #Harris #vote 
@WSJ"
34,"No matter what Trump says, Biden is the US President and Trump lost. Perhaps it's because when you put them both on a debate stage, it's clear that Biden is a leader and Trump is an embarrassment."
35,"15 MILLION VOTERS GONE: Proof, the 2020 Presidential Election was stolen from President Trump and America.      

Total votes in 2020 - 155,508,985   
Total votes in 2024 - 140,306,875       

2012 Obama: 66M  
2016 Clinton: 63M  
2020 Biden: 81M?  15 Million? 
2024 Kamala: 67M"
36,"New Electoral Map Based on the latest Morning Consult Poll shows Donald Trump projected to beat Joe Biden by 57 votes 

h/t: 
@PpollingNumbers"
37,New: CNN has just released their exclusive 2024 Presidential Poll showing Donald Trump beating Joe Biden.
38,"HILLARY CLINTON IS JEALOUS OF TRUMP CAUSE LOSING ELECTION AND IN TOP OF THAT SHE MADE FUN PREVIOUSLY PRESIDENT BIDEN AND HE WON OVER TRUMP AND SHE COULD NOT DO IT, SHE SAID WHATS WRONG WITH ME I AM NOT GOOD ENOUGH, SO NOW SHE WANTS KAMALA TO WIN SO SHE CAN LAUGH AT TRUMP, ITS HER"
39,"2024 Pennsylvania: InsiderAdvantage

Trump 49%
Harris 48%

RCP Avg: Trump +0.3

Pennsylvania - 2 Days to Election: 
2020: Biden +4.3
2016: Clinton +2.8

More:https://realclearpolling.com/polls/president/general/2024/pennsylvania/trump-vs-harris‚Ä¶

#poll #politics #election2024 #Trump #Harris #vote #polling #Pennsylvania"
40,"#WATCH | Washington, DC, USA: President Joe Biden and President-elect Donald Trump meet at the White House after US presidential polls

(Source: US Network Pool/Reuters)"
41,"2024 General Presidential Election: TIPP

Trump 48%
Harris 48%

RCP Avg: Trump +0.5

This Day In History - 5 Days to Election: 
2020: Biden +7.4
2016: Clinton +1.3

More:https://realclearpolling.com/polls/president/general/2024/trump-vs-harris‚Ä¶

#poll #politics #election2024 #Trump #Harris #vote #polling"
42,"JUST IN: Joe Biden congratulates Donald Trump on his victory and invites him to the White House.

A sick burn on Kamala Harris."
43,"New NBC polling shows President Biden is leading Trump among likely voters

Drop a  for Joe"
44,"| Biden est√° m√°s l√∫cido que nunca: Despu√©s de que Kamala lo bajara de la candidatura y perdiera, el presidente Joe Biden felicit√≥ a Donald Trump con perfecta dicci√≥n."
45,"2024 Michigan: NY Times/Siena

Harris 47%
Trump 47%

RCP Avg: Harris +0.8

Michigan - 2 Days to Election: 
2020: Biden +5.1
2016: Clinton +5.0

More:https://realclearpolling.com/polls/president/general/2024/michigan/trump-vs-harris‚Ä¶

#poll #politics #election2024 #Trump #Harris #vote #polling #Michigan"
46,"Former President Donald Trump slammed President Joe Biden for the ""we've gotta lock him up"" remark he made while visiting with New Hampshire Democratic campaign workers.

READ MORE: https://thenationaldesk.com/top-videos/president-biden-on-trump-weve-gotta-lock-him-up-campaign-responds-kamala-harris-hillary-clinton-2016-rallies-politics-2024-election-new-hampshire-campaign-stop‚Ä¶"
47,"2024 Pennsylvania: USA Today/Suffolk

Trump 49%
Harris 49%

RCP Avg: Trump +0.3

Pennsylvania - 4 Days to Election: 
2020: Biden +3.6
2016: Clinton +3.0

More:https://realclearpolling.com/polls/president/general/2024/pennsylvania/trump-vs-harris‚Ä¶

#poll #politics #election2024 #Trump #Harris #vote #polling #Pennsylvania"
48,"2024 General Presidential Election: 
@NBCNews
 

Harris 48%
Trump 48%

RCP Avg: Harris +1.7

This Day In History: 
October 14, 2020: Biden +9.2
October 14, 2016: Clinton +6.7

More: https://realclearpolling.com/polls/president/general/2024/trump-vs-harris‚Ä¶

#poll #politics #election2024 #Trump #Harris #vote #polling"
49,"""One is, yes, old and effective and has passed legislation that's going to put America on such a strong footing for the future...The other is old and dangerous. I mean, why is that a hard choice for people?""

‚Äî 
@HillaryClinton
 weighs in on Biden-Trump race https://on.msnbc.com/4dzxnUd"
50,"#DemsUnited #DemVoice1 
Wow - Trump says President Joe Biden won the Presidential election running against Barrack Obama.  

‚Ä¶..And since that happened Joe Biden has been delivering for the American people.  Go Joe!  
#BidenHarris4MoreYears"
51,"PHILADELPHIA - Donald Trump is the projected winner of Pennsylvania in the 2024 presidential election, according to Fox News.
Trump, 78, recaptured the swing state he lost to President Joe Biden in the last election and won over Hillary Clinton in 2016.
His victory adds 19"
52,"DNC Night 1 Speaker Lineup: Here‚Äôs What Time Biden and Clinton Speak

Monday‚Äôs headliners include President Biden and the first lady, Jill Biden, along with Hillary Clinton, who was defeated by Donald J. Trump in the 2016 election."
53,"New: Joe Biden has called to congratulate President-elect Donald Trump. Biden has officially invites Trump to the White House 

Via: The AP"
54,"2024 Pennsylvania: The Hill/Emerson

Trump 49%
Harris 48%

RCP Avg: Trump +0.3

Pennsylvania - 1 Days to Election: 
2020: Biden +2.6
2016: Clinton +2.1

More:https://realclearpolling.com/polls/president/general/2024/pennsylvania/trump-vs-harris‚Ä¶

#poll #politics #election2024 #Trump #Harris #vote #polling #Pennsylvania"
55,"The linguistics behind Biden‚Äôs ‚Äúgarbage‚Äù gaffe: Why a tiny apostrophe may determine the outcome of the U.S. election

On Tuesday President Biden appeared to call Trump‚Äôs supporters ‚Äúgarbage‚Äù, echoing Hillary Clinton‚Äôs infamous ‚Äúbasket of deplorables‚Äù gaffe from 2016.

But whether"
56,"2024 Pennsylvania: 
@CNN
 

Trump 48%
Harris 48%

RCP Avg: Trump +0.7

Pennsylvania - 6 Days to Election: 
2020: Biden +3.8 
2016: Clinton +5.1

More:https://realclearpolling.com/polls/president/general/2024/pennsylvania/trump-vs-harris‚Ä¶

#poll #politics #election2024 #Trump #Harris #vote #polling #Pennsylvania"
57,"Just in: President Trump is leading Joe Biden in the New York Times Poll/Siena Poll

Likely voters 
 Trump 49%
 Biden 43%

Registered voters
 Trump 49%
 Biden 41%"
58,"The 2024 election has been particularly challenging. From Democrats forcing President Biden out of the race to the post-election takes from Democrats angling to turn their backs on black women and the LGBTQIA+ community, I‚Äôm feeling increasingly politically homeless."
59,"2024 Michigan: 
@washingtonpost
 

Harris 47%
Trump 46%

RCP Avg: Harris +0.5

Michigan - 5 Days to Election: 
2020: Biden +8.2
2016: Clinton +6.3

More:https://realclearpolling.com/polls/president/general/2024/michigan/trump-vs-harris‚Ä¶

#poll #politics #election2024 #Trump #Harris #vote #polling #Michigan"
60,"But despite that gender gap favoring Vice President Kamala Harris, exit polls now show Harris‚Äôs edge among women did not exceed either Hillary Clinton or Joe Biden."
61,"President Biden on Trump: 'We've gotta lock him up'

MORE INFO: https://bit.ly/3YjR63G"
62,"2024 General Presidential Election:

@Rasmussen_Poll


Trump 49%
Harris 47%

RCP Avg: Harris +1.9

This Day In History: 
September 20, 2020: Biden +6.5
September 20, 2016: Clinton +1.3

More:https://realclearpolling.com/polls/president/general/2024/trump-vs-harris‚Ä¶

#poll #politics #election2024 #Trump #Harris #vote #polling"
63,"2024 General Presidential Election:
Forbes/HarrisX

Harris 52%
Trump 48%

RCP Avg: Harris +2.0

This Day In History: 
September 17, 2020: Biden +5.8
September 17, 2016: Clinton +1.0

More:https://realclearpolling.com/polls/president/general/2024/trump-vs-harris‚Ä¶

#poll #politics #election2024 #Trump #Harris #vote #polling"
64,"2024 General Presidential Election: 
NY Times/Siena

Harris 47%
Trump 47%

RCP Avg: Harris +1.9

This Day In History: 
September 19, 2020: Biden +6.5 
September 19, 2016: Clinton +0.9

More:https://realclearpolling.com/polls/president/general/2024/trump-vs-harris‚Ä¶

#poll #politics #election2024 #Trump #Harris #vote #polling"
65,"'WE'VE GOTTA LOCK HIM UP.' President Joe Biden's comments while visiting with New Hampshire Democratic campaign workers are coming under scrutiny.

How the Trump campaign has responded: https://bit.ly/3YdlwEJ"
66,"2024 General Presidential Election: 
@YahooNews
 

Trump 47%
Harris 47%

RCP Avg: Harris +2.1

This Day In History: 
October 7, 2020: Biden +9.7
October 7, 2016: Clinton +4.7

More:https://realclearpolling.com/polls/president/general/2024/trump-vs-harris‚Ä¶

#poll #politics #election2024 #Trump #Harris #vote #polling"
67,"2024 Wisconsin: NY Times/Siena 

Harris 49%
Trump 47%

RCP Avg: Harris +0.3

Wisconsin - 2 Days to Election: 
2020: Biden +6.6
2016: Clinton +5.5

More:https://realclearpolling.com/polls/president/general/2024/wisconsin/trump-vs-harris‚Ä¶

#poll #politics #election2024 #Trump #Harris #vote #polling #Wisconsin"
68,"2024 General Presidential Election: 
@NBCNews
 

Trump 49%
Harris 49%

RCP Avg: Trump +0.1

This Day In History - 2 Days to Election: 
2020: Biden +7.2
2016: Clinton +1.8

More:https://realclearpolling.com/polls/president/general/2024/trump-vs-harris‚Ä¶

#poll #politics #election2024 #Trump #Harris #vote #polling"
69,"In new poll (ABC News/Washington Post/Ipsos), Trump and President Biden are within one point of each other:

 Trump 47%
 Biden 46%"
70,"BIDEN'S 'GARBAGE' COMMENT IS A BIGGER GAFFE THAN PEOPLE THINK

Bill Maher is warning that President Biden's recent ""garbage"" comment about Trump supporters could have a significant impact on the election. Maher suggests that this gaffe is comparable to Hillary Clinton's"
71,"According to reports, Michelle Obama is the voters' choice to beat Donald Trump in the US election as Joe Biden lost support after an embarrassing¬†debate"
72,A new NBC poll has Trump beating Biden 47-42 putting Trump in a position to be the first Republican Presidential candidate to win the popular vote since Bush beat Kerry in 2004.
73,"NEW: Two polls this week show President Biden leading Trump by a wide margin among likely voters. Although we should never rely on polls, I‚Äôd much rather be Biden than Trump right now:

ABC News     49% to 45% (+4)
NPR/Marist   52% to 47% (+5)"
74,Did the Democrats not learn anything from Hillary Clinton‚Äôs ‚Äúdeplorables‚Äù comment?! President Biden called Trump supporters garbage today. One week before the election!
75,"The Trust the Plan‚Ñ¢ people were wild. They really thought Hillary Clinton had a ankle monitor on, Mike Lindell was overturning the election, Trump was actually President, Biden and Obama were getting court-martialed. Borderline schizo or meth heads or both."
76,"Dear Apple - 

Okay, the 2024 election is certified, Trump won, Dems are toast for 4 years. PLEASE fix the blankety-blank software for the iPhone keyboard so every stinkin‚Äô time I type ‚ÄúPresident,‚Äù I‚Äôm not seeing a prompt for Obama, Biden, Clinton, or George, it actually says"
77,"President Donald Trump would win the election if it was held today, a day after the DNC. His odds are through the roof, and he is ahead of where he was against Clinton and Biden. Hiding Harris isn‚Äôt a smart strategy and when Trump debates her and pushes her on issues it gets"
78,Our comprehensive map of every Texas precinct shows who voted for former President Donald Trump and who voted for Hillary Clinton or Joe Biden.
79,Just in: President Trump is leading Biden across all seven swing states eleven months before the 2024 Presidential Election via Bloomberg News/Morning Consult polling.
80,"Un sondage cr√©dible NY Times/Sienna place Harris et Trump √† √©galit√©, 48% chacun.

Avec 4,3% d‚Äôavance, Biden avait gagn√© de justesse en 2020. Avec une avance de 2,1% Clinton avait perdu en 2016.

Donc si l‚Äô√©lection avait lieu aujourd‚Äôhui, Trump redeviendrait Pr√©sident‚Ä¶"
81,"2024 General Presidential Election: 
Rasmussen Reports

Trump 49%
Harris 47%

RCP Avg: Harris +1.5

This Day In History: 
September 12, 2020: Biden +7.8
September 12, 2016: Clinton +2.8

More:https://realclearpolling.com/polls/president/general/2024/trump-vs-harris‚Ä¶

#poll #politics #election2024 #Trump #Harris #vote #polling"
82,"2024 General Presidential Election: 
NY Times/Siena

Trump 48%
Harris 47%

RCP Avg: Harris +1.4

This Day In History: 
September 9, 2020: Biden +7.5
September 9, 2016: Clinton +2.7

More:https://realclearpolling.com/polls/president/general/2024/trump-vs-harris‚Ä¶

#poll #politics #election2024 #Trump #Harris #vote #polling"
83,"2024 General Presidential Election:
Harvard-Harris

Harris 50%
Trump 50%

RCP Avg: Harris +1.3

This Day In History: 
September 9, 2020: Biden +7.5 
September 9, 2016: Clinton +2.7

More:https://realclearpolling.com/polls/president/general/2024/trump-vs-harris‚Ä¶

#poll #politics #election2024 #Trump #Harris #vote #polling"
84,hmm #harris #president #democratic #trump #speech #biden #american #convention #clinton #election
85,"2024 General Presidential Election:

@Rasmussen_Poll
 

Trump 47%
Harris 46%

RCP Avg: Harris +1.8

This Day In History: 
September 5, 2020: Biden +7.0
September 5, 2016: Clinton +3.6

More:https://realclearpolling.com/polls/president/general/2024/trump-vs-harris‚Ä¶

#poll #politics #election2024 #Trump #Harris  #polling #vote"
86,"2024 General Presidential Election: 
Morning Consult

Harris 50%
Trump 45%

RCP Avg: Harris +1.5

This Day In History: 
September 12, 2020: Biden +7.8
September 12, 2016: Clinton +2.8

More:https://realclearpolling.com/polls/president/general/2024/trump-vs-harris‚Ä¶
#poll #politics #election2024 #Trump #Harris 
@MorningConsult"
87,hillary clinton stole the election for trump because if she couldn‚Äôt be the first woman president nobody can
88,"President Biden WALLOPED his opponents by over 40 points, wasn't even on the ballot.

trump barely eked out a weak, low-energy win against Nikki Haley by a mere 11 points.

ADVANTAGE: BIDEN
Suck it, MAGA."
89,"Election results from the tiny town Dixville Notch, Maine!  

2016: Hillary Clinton 4-2 President Trump 
2020: Joe Biden 5-0 President Trump 

2024: Kamala Harris 3-3 President Trump"
90,"BREAKING: Donald Trump captures lead in RCP policing average against Joe Biden. 

https://realclearpolitics.com/epolls/2024/president/us/general-election-trump-vs-biden-7383.html‚Ä¶"
91,"Former President Bill Clinton paid a visit to a Georgia McDonald's where an employee mistook him for ""Joe,"" possibly referring to President Biden."
92,President Joe Biden's comments while visiting with New Hampshire Democratic campaign workers Tuesday are coming under scrutiny.
93,"""President #Biden takes action where #DonaldTrump never would and announces massive, sweeping actions to thwart #Russia's sinister efforts to influence the 2024 presidential #election""

#GOP-#MAGA-#Trump-#Vance-#Putin #Kamala #Harris #Walz #Hillary #Clinton #RussiaGate #FBI #DOJ"
94,trump beat clinton in 2016 which the democrats didn t expect to happen or they would have rigged the election  so not to take the chance of it happening they rigged the 2020 election which gave biden more votes than any other president which would document a rigged election
95,"Trump is grasping and desperate. 

But in America, we count every vote. 

https://apnews.com/article/voting-ballots-election-night-trump-winner-61d69529c5e135f34fac2bf2d3bbe3e9‚Ä¶"
96,"2024 General Presidential Election: 
NPR/PBS/Marist 

Harris 49%
Trump 48%

RCP Avg: Harris +1.1

This Day In History: 
September 10, 2020: Biden +7.5 
September 10, 2016: Clinton +2.7

More:https://realclearpolling.com/polls/president/general/2024/trump-vs-harris‚Ä¶
#poll #politics #election2024 #Trump #Harris #vote #polling"
97,New CNN poll shows Trump leading Biden 49% to 43% for the  US presidential election.
98,"Biden is electing Trump himself if he doesn‚Äôt change course on policy towards Israel. 

Biden won with razor thin margins in swing states in 2020 with a broad coalition.

He won‚Äôt be able to replicate that in 2024 if there isn‚Äôt a serious course correction."
99,"exactly, that's why tRump should be in prison for the rest of his life as he paid Putin and Russia to help him spread lies about Hillary Clinton to win the 2016 election and then tried to bribe the Ukraine President in 2020 to spread lies about Biden. Arrest tRump (again)!!!"
100,"Former President Donald Trump narrowly leads President Biden 49% to 45% among registered voters in a hypothetical 2024 rematch, and both are deeply unpopular, a CNN poll finds. https://trib.al/SgeOTgs"
101,"President Trump on Tuesday told a crowd of supporters that they must ‚Äúforgive‚Äù President Biden after he compared Trump‚Äôs supporters to garbage.
‚ÄúWow. That's terrible,‚Äù Trump said, invoking Hillary Clinton‚Äôs infamous ‚Äúdeplorable‚Äù remarks in the weeks before the 2016 election."
102,"Breaking News
President Joe Biden has endorsed Donald Trump for President.* It's another wild turn in one of the wildest elections of all time. 

*not a true fact"
103,"Biden calls Trump ‚Äòloser,‚Äô says election is about ‚Äòdecency versus lack of decency‚Äô"
104,"Polls show Donald Trump leading President Joe Biden, which could signal that voters view indictments against the former president as politically driven, pollsters told NEWSMAX. https://bit.ly/3UpBCL9"
105,"And this is why we lost the election.

People sitting on their asses waiting on President Biden to save us. 

All you had to do was go into the voting booth and click ‚ÄúHarris.‚Äù

Biden shouldn‚Äôt do shit except stay black and die. https://x.com/NashIsHere4It//NashIsHere4It/status/1857809151092572315‚Ä¶"
106,Trump widens lead over Biden in new CNN poll
107,BREAKING: President Biden meets and congratulates Preside-Elect Donald Trump on his usa presidential elections victory.
108,"Biden: 'We've gotta lock YOU up' in a mental institution... And we should have done it 4 years ago JOE!

President Biden on Trump: 'We've gotta lock him up'"
109,"They know what‚Äôs coming. We have all the proof of widespread 2020 election fraud. That‚Äôs why Biden, Comey, Obama, Clinton, Brennan, Wray and Garland are all panicking and pushing hard against President Trump, but it won‚Äôt work this time. 100 million awake and will not allow it."
110,THE MANIPULATION OF ELECTIONS: Veteran U.S. Air Force CIA Officer has evidence that can prove the source code operating the election machines in Smartmatic and Dominion voting machines that determines the U.S. Presidency are owned by the Venezuelan Narco Regime and made in China.
111,President Biden opens up lead on Donald Trump amid growing gender gap: Quinnipiac poll https://trib.al/yxsiBGT
112,"Former President Bill Clinton paid a visit Sunday to a Georgia McDonald's where an employee mistook him for ""Joe,"" possibly referring to President Joe Biden."
113,"First vote on Election Day ends in a tie: 3 for Donald Trump, 3 for Kamala Harris. Joe Biden won in 2020, Hillary Clinton in 2016"
114,"Stop asking JD Vance whether the felon lost the 2020 election to President Biden. His non answer will be a version of how there were problems with the election. Instead, ask shady Vance  whether former First Lady Hillary Clinton lost to felon trump in 2016."
115,"ùêìùê´ùêÆùê¶ùê© ùêÅùêÑùêÄùêìùêí ùêÅùê¢ùêùùêûùêß

Trump - 46%
Biden - 42%

Donald Trump is crushing Biden, and crushing the GOP primary field.

It's time for Republicans to coalesce around the ONLY candidate who can beat Biden: Donald J. Trump!"
116,"Donald Trump holds a narrow lead over President Biden in their potential rematch in November's general election, a new CNN poll has found https://cnn.it/3vXjuOC"
117,"According to new polling from Stack Data Strategy, Trump would today beat Biden in the Electoral College, 292 to 246.


@NoLabelsOrg
, are you now going to keep your commitment to get out of the race if it hurts Biden like you said?"
118,"FiveThirtyEight probability of each candidate winning the election for President:

2024 Current - Harris 58%  Trump 42%

2020 Final - Biden 89%  Trump 11%

2016 Final - Clinton 71%  Trump 29%"
119,"Trump has edge over Biden in 5 battleground states, polling indicates"
120,"Trump denies Biden administration access to classified materials

US President Donald Trump has revoked the security clearance of several political figures, including his election rivals Hillary Clinton and former Vice President Kamala Harris.

This is stated in a memorandum"
121,I‚Äôve seen enough. Incumbent Joe Biden (D) has defeated Donald Trump (R) for the second time for President of the United States.
122,"The Democratic National Convention begins tonight in Chicago, with President Joe Biden and former Secretary of State Hillary Clinton slated to speak. 

For what we know about the speakers, celebrity hosts, and start times, plus live updates"
123,"Election results from the tiny town Dixville Notch, Maine!  

2016: Hillary Clinton 4-2 President Trump 
2020: Joe Biden 5-0 President Trump 

2024: Kamala Harris 3-3 President Trump"
124,"Poll: Trump ahead of Biden 47%-45%; Democrats leading generic ballot over Republicans, 45%-44%."
125,"Meanwhile, American media:
‚ÄúDefiant President Trump Contests Election Irregularities.‚Äù"
126,"‚Äú[PERSON 15] rushed to the dining room to inform the defendant in hopes that the defendant would take action to ensure Pence‚Äôs safety. Instead,after[P15] delivered the news, the defendant looked at him and said only, ‚ÄúSo what?"""""
127,"Biden, in his last major speech before the election, makes a forceful case against Trump"
128,"In a candid radio interview with the BBC, former Secretary of State Hillary Clinton said she did not think President Joe Biden should have dropped out of the election until after his ‚Äúdisastrous‚Äù debate against former President Donald Trump. http://specne.ws/AGB2PS"
129,"President Trump must fight back against law-far and go after Barack Obama, Hilary Clinton and Joe Biden OR winning 2024 election is doesn‚Äôt mean NOTHING. 
      democrats will do it again comes next election. you can make America  great again. only for four years and next"
130,"Following President Biden's decision to drop out of the race, Bill and Hillary Clinton released a joint statement endorsing Kamala Harris.  https://nbcnews.com/politics/2024-election/live-blog/trump-biden-president-election-live-updates-rcna162646?canonicalCard=true‚Ä¶"
131,Former President Trump takes significant polling lead over President Biden in the presidential race
132,One thing that has given me great joy in this election has been seeing President Clinton out on the trail.
133,": Keeping it real with Spike Lee. 

@KamalaHarris has what it takes to be President of the United States and is the only candidate in this race fighting for your rights to be a free citizen."
134,"It‚Äôs a familiar place for Trump now. He debated Hilary Clinton three times in 2016, President Joe Biden twice in 2020, and Biden again earlier this year."
135,"President Biden to donors: ""If Trump wasn't running, I'm not sure I'd be running,‚Äù he said, saying Democrats ‚Äúcannot let him win.‚Äù"
136,"Worst thing each president has done

Biden: Garland
Trump: Election Denial
Obama: Weak on Russia?
Bush: Iraq
Clinton: Inaction on Rwanda
HW: War on Drugs escalation?
Reagan: Iran-Contra or HIV Inaction
Carter: Arming Indonesia?"
137,"The Obama (CIA) regime

2016: Hilliary Clinton was supposed to win for Obama's third term but 
@realDonaldTrump
 stopped the plan, making Trump the biggest enemy of the commie Democrat machine...

2020: Joe Biden became President after the election was stolen from Trump to give"
138,"President Joe Biden won the 2020 election when he looked at a babbling Trump during the debate and said ‚Äúwill you shut up man?‚Äù Don‚Äôt be surprised if tonight goes similarly. A majority of Americans hate Trump and, now more than ever, want him put in his place. And Biden knows it."
139,"#Biden was right to stand aside in critical election, #Clinton says
Clinton, who ran unsuccessfully for president against #Trump in 2016, said she believed ""the future of democracy is at stake"" in November's election which polls suggest is extremely tight."
140,Joe Biden Takes Stunning Lead Over Donald Trump in Two Polls
141,"Former President Donald Trump narrowly leads President Biden 49% to 45% among registered voters in a hypothetical 2024 rematch, and both are deeply unpopular, a CNN poll finds. https://trib.al/bmruc3C"
142,BREAKING: The new Morning Consult tracking poll this morning shows President Biden leading Donald Trump again. President Biden is the only candidate who has beat Trump before and will be our candidate to do it again in 2024.
143,"The Trump campaign is demanding Kamala Harris condemn Pres. Joe Biden for saying ""We've gotta lock him up. Politically lock him up. Lock him out."" about former Pres. Trump."
144,"For President Biden at least, the GOP primary is over. In a new statement tonight, he says, ""It is now clear that Donald Trump will be the Republican nominee. And my message to the country is the stakes could not be higher..."""
145,"Despite a gender gap favoring Vice President Kamala Harris 53% to 45%, exit polls now show Harris‚Äô edge among women this year did not exceed either Joe Biden or Hillary Clinton."
146,"Although Donald Trump and President Joe Biden are tied at 43% in a hypothetical face-to-face contest in a general election for the White House, the former president is ahead of the current chief executive in most of the key battleground states."
147,"Put down the polling crack pipe.  In this one Biden defeats Trump 48 to 44.   Where are the ‚Äúwhy is Trump so weak stories‚Äù?  Looking at you ‚Å¶
@nytimes
‚Å©"
148,"U.S. President Joe Biden addressed Americans for the first time to Americans after Kamala Harris' election defeat.

He said that yesterday he congratulated Donald Trump on his victory and promised that the Biden administration would do everything to transfer power peacefully."
149,President Joe Biden calls President-elect Donald Trump to congratulate him on his election win and invite him to White House for a transition meeting.
150,President Trump Is TIED With Biden In State Democrats Have Carried Since 2004
151,"""President Joe Biden carried Reading with 72% of the vote in 2020. But Trump improved from his 2016 performance, when Hillary Clinton won 78%. In 42 of Reading‚Äôs 44 precincts, Donald Trump earned more votes than he did in 2016"""
152,"Trump leads Biden among all voters nationally: poll

FULL STORY: https://fightingthecommies.com/PZR"
153,"On July 9, 2020, Biden led Trump in the 
@FiveThirtyEight
 polling average by 9.6%.

Today, in 2024, Trump leads Biden by 2.3%.

A new Democratic candidate, chosen by a competitive process, would I think fall somewhere between those two numbers--but ahead of Trump."
154,"We have in Biden a battle-tested candidate against Trump, someone who beat him before. That‚Äôs right, Biden won the 2020 election. That‚Äôs a fact, Jack. No malarkey."
155,BREAKING: JOE BIDEN Hands the PRESIDENTIAL RACE TO TRUMP As Voters React BADLY to 'Garbage' Snafu! https://x.com/i/broadcasts/1OdKrXyVVQvJX‚Ä¶
156,"Of all Trump‚Äôs insults, cruelties... the event that proved the essential rightness of the endorsements of Clinton and Biden took place on January 6, 2021, when Trump became the first American president to try to overturn an election and prevent the peaceful transfer of power."
157,"The Atlantic, for the fifth time in its history, makes a presidential endorsement. Once for Lincoln. Once for LBJ (from concern about Goldwater) and three times for the opponents of Trump, because he represents a unique threat to America's government and values. x.com/anneapplebaum/‚Ä¶"
158,"Thank you 
@chaunceydevega
 and 
@Salon
 for including me in this piece.  My take: 

The debate was a disaster, but it did not carry the weight the pundit class and legacy media breathlessly claimed in their ""hot takes"".

The immediate and amateurish public calls by media, pundits,"
159,"I‚Äôm convinced a lot of people just don‚Äôt understand polls. 

If this reflects the vote tally on election night, Kamala Harris is your president. 

This does not reflect a ‚Äúdead heat.‚Äù

It reflects a Trump loss."
160,"NEW: WaPo poll of swing state voters out this morning. Harris and Trump are locked in a dead heat overall.

Look at views on the economy‚Ä¶ Harris voters are noticing the big improvement in the economy (esp. Inflation). 

But many swing state voters still say economy is ‚Äúgetting"
161,"New poll: Biden and Trump tied 41%-41%.

""Though they're tied, Trump has a significant advantage over Biden when it comes to voter enthusiasm.""

I am alarmed."
162,"Biden congratulates Trump: 

‚ÄúYesterday I spoke with President-elect Trump to congratulate him on his victory. I assured him that I‚Äôd direct my entire administration to work with his team to ensure a peaceful and orderly transition.‚Äù"
163,"NEW POLL: Donald Trump beats Biden in electoral college landslide if presidential election were held today
https://thepoliticsbrief.com/national-poll-trump-beats-biden-in-election-landslide-if-it-were-held-today/‚Ä¶"
164,"This is a glimmer of good news for the Biden campaign.

However, Hillary Clinton beat Donald Trump by +2 in the nationwide vote too."
165,"#New General Election Poll 

 Biden 50% (+2)
 Trump 48%

Trump was leading the last poll! 

Fox - 1,095 RV - 6/17"
166,"From CBS: Trump 51%-Biden 48%.

‚ÄúThis helps put Trump in a better position‚Äîthree points over Biden‚Äîa number that is slightly higher than September's and which would almost surely translate into a comfortable Electoral College win for Trump‚Ä¶‚Äù"
167,"NEW CNN POLL: Trump beats Biden 49-43%

‚ÄúSeveral other Democrats have been mentioned as potential Biden replacements in recent days, and each trails Trump among registered voters‚Äù"
168,"I‚Äôm sounding the alarm This is still a winnable race. But it won‚Äôt be easy and Republicans are very enthusiastic. 

Democrats have to mobilize and close this gap, or Trump will be our best president."
169,"During the stop in Concord, Biden said ""We've gotta lock him up."" During Trump's 2016 campaign, crowds would chant ""Lock her up,"" when his then challenger Hillary Clinton was mentioned."
170,"Pretty good: Biden at 38%-48% positive/negative (not great!), better than Trump at 34%-53%.

Not good: In general election matchup, Biden 41%-‚ÄúRepublican nominee‚Äù 47%.

So Biden (a decent president) vs. Trump (an election-denying demagogue) is basically a tossup.

I am alarmed."
171,"NBC News poll: Nearly 70% of GOP voters stand behind Trump amid indictment, investigations

But large majorities of all Americans are sour on a Trump v. Biden rematch in 2024. ‚Å¶@mmurraypolitics‚Å©  https://nbcnews.com/politics/2024-election/nbc-news-poll-nearly-70-gop-voters-stand-trump-indictment-investigatio-rcna80917‚Ä¶"
172,"CNN Poll Shock Poll:

‚ÄúIn a matchup between the presumptive major-party nominees, voters nationwide favor former President Donald Trump over Biden by 6 points, 49% to 43%‚Ä¶‚Äù"
173,"Former US president Bill Clinton argues that pro-Palestine voters in Michigan thinking about not voting over President Joe Biden's support for Israel are making ""a mistake""

Follow US election updates: https://news.ae/4hos2RN"
174,Joe Biden calls Donald Trump voters ‚Äògarbage‚Äô. Republican campaign seizes on president‚Äôs remarks by comparing them to Hillary Clinton‚Äôs fateful reference to ‚Äòdeplorables‚Äô
175,"Hillary Clinton conceded the 2016 election one week after election day, and both Barack Obama and Joe Biden certified the results. 

Donald Trump never conceded and ordered his vice president to reject the results of the election. https://x.com/SarcasticCupca/SarcasticCupcak/status/1845171079641432396‚Ä¶"
176,"WASHINGTON, Jan 25 (Reuters) - Donald Trump leads Democratic President Joe Biden by six percentage points in a Reuters/Ipsos poll that showed Americans are unhappy about an election rematch that came into sharper focus following the former president's New Hampshire victory."
177,"It is Imperative that the Epstein Death & Events, Hunter Biden Laptop & Criminal Involvement, Jan 6th Incident,The Hillary Clinton Steele Dossier, The 2016 Election Fraud! Biden Administration Crimes & Most Importantly the President Trump's Assassination Attempts be Investigated!"
178,"Youth activist ‚Å¶‚Å¶
@Victorshi2020
‚Å©:‚Å© Biden heads into 2024 with an arsenal of advantages to defeat Donald Trump..Biden remains the only person who has won against Trump..beating an incumbent for the first time since Clinton beat George H.W. Bush."
179,"President Biden calls Trump supporters and at least half the country ‚Äúgarbage‚Äù. 

Like Hilary Clinton with her ‚Äúbasket of deplorables‚Äù moment, this is a massive mistake this close to election day."
180,"Pres. Biden tonight:

‚ÄúDonald Trump has no character. He doesn't give a damn about the Latino community‚Ä¶just the other day, a speaker at his rally called Puerto Rico a floating island of garbage?‚Ä¶The only garbage I see floating out there is his supporters.‚Äù"
181,"President Biden's recent comment referring to Trump supporters as ""garbage"" has raised concerns about its impact on the 2024 election, with pollster Frank Luntz suggesting it could energize Trump's base similarly to Hillary Clinton's ""basket of‚Ä¶"
182,"Certainly the world has seen a lot of changes lately:
- #Trump becomes president (Clinton-Obama-Biden-cabal gone)!
- In Germany #Scholz loses vote of no convidence, #election in FEB 2025.
- #Ukraine just held NO ELECTION!
- #Trudeau in Canada considers stepping down."
183,"The same Zelensky canceled the election, the same way Lebanon does not have a President, the same way Syria's president, Bashar al-Assad, has fled the country leaving a void, PM of Bangladesh, Sheikh Hasina, resigned and fled to UK, South Korea‚Äôs parliament  impeached President"
184,"Here‚Äôs the Speaker Lineup for the Opening Night of the Democratic Convention - Monday‚Äôs headliners include President Biden and the first lady, Jill Biden, along with Hillary Clinton, who was defeated by Donald J. Trump in the 2016 election. via 
@nytimes"
185,"Former President Trump discusses Biden, Clinton, Harris, and potential 2024 election security with Glenn Beck."
186,"After four bogus indictments, Donald Trump is beating Joe Biden in the Electoral College, and with ‚Äúindependent voters‚Äù, according to one of the nation‚Äôs more left-leaning pollsters."
187,"General Election

(D) Biden: 47% (+1)
(R) Trump: 46%
‚Äî‚Äî‚Äî‚Äî‚Äî‚Äî‚Äî
Independents
(R) Trump: 48% (+8)
(D) Biden: 40%

‚Ä¢ NPR/Marist College | 1,100 RV 
‚Ä¢ 08/11-14 | (D+6) Sample"
188,"After President Joe Biden won in 2020 by 8 million votes, Donald Trump refused to work with him to ensure a smooth transition. President Biden had to clean up the mess that Donald Trump left behind. Will you vote for President Biden in 2024? I will vote for Joe."
189,"After getting elected, in 1993 Bill Clinton tried to push Hillarycare down our throats.  Since then every president from Bush to Obama to Biden has overreached - COMPLETELY MISREADING the election a a mandate.

Trump is the same as all the others."
190,"Because of the Clinton's !!! Prob Biden too, they are all evil and corrupt! What about George Bush? He's prob in there to I'm sure.  We have never had a President since the founding fathers that were for WE THE PEOPLE! they murdered kennedy for it and tried to Trump! Why has he"
191,"President Trump when asked about the JFK files: 

‚ÄúI was asked by some of our government officials not to. I was asked by Mike Pompeo and some others not to, so I didn't release. But I'm going to release them immediately upon seeing the information.‚Äù"
192,"New: Donald Trump has voted Donald Trump for President. Afterwards, he told the press: ‚ÄúI feel very confident. I have felt, you know, we went in with a very big lead today, and it looks like Republicans have shown up in force.‚Äù"
193,"Keep an eye on the Biden admin while Trump is roasted over hot coals and blazing top headlines.

What fast ones are being pulled over  Americans eyes? More aide to Ukraine? Hiding evidence linking Joe to influence schemes

Here‚Äôs something:Trump leads Biden in 4 key swing states."
194,"BREAKING: President Trump issues a statement outside of New York courtroom:

""This is a case that should have never been brought. It's a case that should be dismissed immediately. The fraud was on behalf of the court. The court was the fraudster in this case.""

""It's a"
195,"Trump wins by 1-2, Biden was too associated with Obama"
196,"Every single dame one of them should be arrested and jailed for what did to president Trump otherwise winning 2024 election doesn‚Äôt mean anything. 
    Barack Obama, Hillary Clinton, Joe Biden and many out there."
197,"TRUMP: ""I went through four years of Hell. I spent millions of dollars on legal fees .... It‚Äôs really hard to say they shouldn‚Äôt have to go through it also. It‚Äôs really hard to say that."""
198,"| ""Habl√© con el presidente electo Trump para felicitarlo por su victoria y le asegur√© que toda mi administraci√≥n trabajar√° con su equipo para garantizar una transici√≥n pac√≠fica y ordenada"": M√°s lucido que nunca, Biden felicit√≥ a Donald Trump por su triunfo sobre Kamala Harris."
199,| AHORA: Una nueva encuesta de CNN muestra que Trump aventaja a Biden entre un 49% y un 43% en las elecciones presidenciales de Estados Unidos.
200,"When in a democracy the people elect a criminal as president, we already know what awaits those people: #TERRORISM IN EVERY SENSE
https://x.com/RuanoFaxas/status/1779898662404944079‚Ä¶
#Election #GOP-#MAGA-#Trump-#Vance-#Putin #Project2025 #FBI #CIA #DOJ #DHS #IRS #Kamala #Harris-#Walz #Biden #Hillary #Clinton"
201,"""Trump isn't being persecuted,but prosecuted""
4 criminal indictments,88 felony charges pending:#NewYork 34,#Florida 40,#Washington DC 4,#Georgia 10. Over half a billion dollars in civil judgments.Over a billion in debt. NOBODY IS ABOVE THE LAW.
#TrumpTrial #Putin #Election #Biden"
